Hostname,HostIP/MaskLength,DockerSubnet/MaskLength,RackName,Estate
fs1shared0-flowsnakemaster1-1-prd.eng.sfdc.net,10.231.40.100/27,10.251.109.160/27,n31-02,prd-data-flowsnake
fs1shared0-flowsnakemaster1-2-prd.eng.sfdc.net,10.231.40.130/27,10.251.111.96/27,n40-02,prd-data-flowsnake
fs1shared0-flowsnakemaster1-3-prd.eng.sfdc.net,10.231.42.132/27,10.251.102.32/27,e41-02,prd-data-flowsnake
fs1shared0-flowsnakemaster2-1-prd.eng.sfdc.net,10.231.40.34/27,10.251.107.32/27,l41-02,prd-data-flowsnake
fs1shared0-flowsnakemaster2-2-prd.eng.sfdc.net,10.231.42.196/27,10.251.98.96/27,b34-02,prd-data-flowsnake
fs1shared0-flowsnakeworker1-1-prd.eng.sfdc.net,10.231.41.226/27,10.251.116.224/27,v38-02,prd-data-flowsnake
fs1shared0-flowsnakeworker1-10-prd.eng.sfdc.net,10.231.40.10/27,10.251.111.192/27,n41-02,prd-data-flowsnake
fs1shared0-flowsnakeworker1-11-prd.eng.sfdc.net,10.231.40.66/27,10.251.105.32/27,k10-02,prd-data-flowsnake
fs1shared0-flowsnakeworker1-12-prd.eng.sfdc.net,10.231.45.100/27,10.251.110.32/27,n32-02,prd-data-flowsnake
fs1shared0-flowsnakeworker1-13-prd.eng.sfdc.net,10.231.40.162/27,10.251.98.192/27,c40-02,prd-data-flowsnake
fs1shared0-flowsnakeworker1-14-prd.eng.sfdc.net,10.231.46.66/27,10.251.112.224/27,p38-02,prd-data-flowsnake
fs1shared0-flowsnakeworker1-15-prd.eng.sfdc.net,10.231.43.226/27,10.251.115.0/27,u40-02,prd-data-flowsnake
fs1shared0-flowsnakeworker1-16-prd.eng.sfdc.net,10.231.45.66/27,10.251.116.128/27,v37-02,prd-data-flowsnake
fs1shared0-flowsnakeworker1-17-prd.eng.sfdc.net,10.231.41.227/27,10.251.117.0/27,v38-02,prd-data-flowsnake
fs1shared0-flowsnakeworker1-18-prd.eng.sfdc.net,10.231.43.130/27,10.251.106.128/27,k23-02,prd-data-flowsnake
fs1shared0-flowsnakeworker1-19-prd.eng.sfdc.net,10.231.42.194/27,10.251.98.128/27,b34-02,prd-data-flowsnake
fs1shared0-flowsnakeworker1-2-prd.eng.sfdc.net,10.231.41.66/27,10.251.100.64/27,d38-02,prd-data-flowsnake
fs1shared0-flowsnakeworker1-20-prd.eng.sfdc.net,10.231.40.131/27,10.251.111.128/27,n40-02,prd-data-flowsnake
fs1shared0-flowsnakeworker1-21-prd.eng.sfdc.net,10.231.46.130/27,10.251.96.192/27,a22-02,prd-data-flowsnake
fs1shared0-flowsnakeworker1-22-prd.eng.sfdc.net,10.231.44.66/27,10.251.112.128/27,p32-02,prd-data-flowsnake
fs1shared0-flowsnakeworker1-23-prd.eng.sfdc.net,10.231.45.101/27,10.251.110.64/27,n32-02,prd-data-flowsnake
fs1shared0-flowsnakeworker1-24-prd.eng.sfdc.net,10.231.42.162/27,10.251.106.32/27,k21-02,prd-data-flowsnake
fs1shared0-flowsnakeworker1-25-prd.eng.sfdc.net,10.231.40.132/27,10.251.111.160/27,n40-02,prd-data-flowsnake
fs1shared0-flowsnakeworker1-26-prd.eng.sfdc.net,10.231.42.100/27,10.251.117.128/27,w32-02,prd-data-flowsnake
fs1shared0-flowsnakeworker1-27-prd.eng.sfdc.net,10.231.40.67/27,10.251.105.64/27,k10-02,prd-data-flowsnake
fs1shared0-flowsnakeworker1-28-prd.eng.sfdc.net,10.231.44.100/27,10.251.109.64/27,m40-02,prd-data-flowsnake
fs1shared0-flowsnakeworker1-29-prd.eng.sfdc.net,10.231.44.101/27,10.251.109.96/27,m40-02,prd-data-flowsnake
fs1shared0-flowsnakeworker1-3-prd.eng.sfdc.net,10.231.45.226/27,10.251.115.64/27,u41-02,prd-data-flowsnake
fs1shared0-flowsnakeworker1-30-prd.eng.sfdc.net,10.231.42.163/27,10.251.106.64/27,k21-02,prd-data-flowsnake
fs1shared0-flowsnakeworker1-31-prd.eng.sfdc.net,10.231.40.11/27,10.251.111.224/27,n41-02,prd-data-flowsnake
fs1shared0-flowsnakeworker1-32-prd.eng.sfdc.net,10.231.45.67/27,10.251.116.160/27,v37-02,prd-data-flowsnake
fs1shared0-flowsnakeworker1-33-prd.eng.sfdc.net,10.231.41.194/27,10.251.101.96/27,e34-02,prd-data-flowsnake
fs1shared0-flowsnakeworker1-34-prd.eng.sfdc.net,10.231.40.163/27,10.251.98.224/27,c40-02,prd-data-flowsnake
fs1shared0-flowsnakeworker1-35-prd.eng.sfdc.net,10.231.47.34/27,10.251.97.32/27,a31-02,prd-data-flowsnake
fs1shared0-flowsnakeworker1-36-prd.eng.sfdc.net,10.231.40.12/27,10.251.112.0/27,n41-02,prd-data-flowsnake
fs1shared0-flowsnakeworker1-37-prd.eng.sfdc.net,10.231.41.34/27,10.251.112.32/27,p31-02,prd-data-flowsnake
fs1shared0-flowsnakeworker1-38-prd.eng.sfdc.net,10.231.44.130/27,10.251.114.160/27,u38-02,prd-data-flowsnake
fs1shared0-flowsnakeworker1-39-prd.eng.sfdc.net,10.231.46.194/27,10.251.96.64/27,a09-02,prd-data-flowsnake
fs1shared0-flowsnakeworker1-4-prd.eng.sfdc.net,10.231.46.226/27,10.251.96.0/27,a08-02,prd-data-flowsnake
fs1shared0-flowsnakeworker1-40-prd.eng.sfdc.net,10.231.43.66/27,10.251.106.224/27,k24-02,prd-data-flowsnake
fs1shared0-flowsnakeworker1-41-prd.eng.sfdc.net,10.231.46.131/27,10.251.96.224/27,a22-02,prd-data-flowsnake
fs1shared0-flowsnakeworker1-42-prd.eng.sfdc.net,10.231.45.227/27,10.251.115.96/27,u41-02,prd-data-flowsnake
fs1shared0-flowsnakeworker1-43-prd.eng.sfdc.net,10.231.43.10/27,10.251.103.224/27,f38-02,prd-data-flowsnake
fs1shared0-flowsnakeworker1-44-prd.eng.sfdc.net,10.231.47.226/27,10.251.115.224/27,v32-02,prd-data-flowsnake
fs1shared0-flowsnakeworker1-45-prd.eng.sfdc.net,10.231.47.35/27,10.251.97.64/27,a31-02,prd-data-flowsnake
fs1shared0-flowsnakeworker1-46-prd.eng.sfdc.net,10.231.43.67/27,10.251.107.0/27,k24-02,prd-data-flowsnake
fs1shared0-flowsnakeworker1-47-prd.eng.sfdc.net,10.231.46.195/27,10.251.96.96/27,a09-02,prd-data-flowsnake
fs1shared0-flowsnakeworker1-48-prd.eng.sfdc.net,10.231.47.100/27,10.251.99.224/27,d32-02,prd-data-flowsnake
fs1shared0-flowsnakeworker1-49-prd.eng.sfdc.net,10.231.41.35/27,10.251.112.64/27,p31-02,prd-data-flowsnake
fs1shared0-flowsnakeworker1-5-prd.eng.sfdc.net,10.231.47.66/27,10.251.103.0/27,f35-02,prd-data-flowsnake
fs1shared0-flowsnakeworker1-50-prd.eng.sfdc.net,10.231.46.67/27,10.251.113.0/27,p38-02,prd-data-flowsnake
fs1shared0-flowsnakeworker1-51-prd.eng.sfdc.net,10.231.44.67/27,10.251.112.160/27,p32-02,prd-data-flowsnake
fs1shared0-flowsnakeworker1-52-prd.eng.sfdc.net,10.231.43.34/27,10.251.111.32/27,n38-02,prd-data-flowsnake
fs1shared0-flowsnakeworker1-53-prd.eng.sfdc.net,10.231.45.10/27,10.251.99.128/27,d06-02,prd-data-flowsnake
fs1shared0-flowsnakeworker1-54-prd.eng.sfdc.net,10.231.43.35/27,10.251.111.64/27,n38-02,prd-data-flowsnake
fs1shared0-flowsnakeworker1-55-prd.eng.sfdc.net,10.231.43.227/27,10.251.115.32/27,u40-02,prd-data-flowsnake
fs1shared0-flowsnakeworker1-56-prd.eng.sfdc.net,10.231.41.100/27,10.251.107.128/27,m31-02,prd-data-flowsnake
fs1shared0-flowsnakeworker1-57-prd.eng.sfdc.net,10.231.47.227/27,10.251.116.0/27,v32-02,prd-data-flowsnake
fs1shared0-flowsnakeworker1-58-prd.eng.sfdc.net,10.231.47.67/27,10.251.103.32/27,f35-02,prd-data-flowsnake
fs1shared0-flowsnakeworker1-59-prd.eng.sfdc.net,10.231.41.67/27,10.251.100.96/27,d38-02,prd-data-flowsnake
fs1shared0-flowsnakeworker1-6-prd.eng.sfdc.net,10.231.45.11/27,10.251.99.160/27,d06-02,prd-data-flowsnake
fs1shared0-flowsnakeworker1-60-prd.eng.sfdc.net,10.231.44.131/27,10.251.114.192/27,u38-02,prd-data-flowsnake
fs1shared0-flowsnakeworker1-61-prd.eng.sfdc.net,10.231.46.227/27,10.251.96.32/27,a08-02,prd-data-flowsnake
fs1shared0-flowsnakeworker1-62-prd.eng.sfdc.net,10.231.42.195/27,10.251.98.160/27,b34-02,prd-data-flowsnake
fs1shared0-flowsnakeworker1-63-prd.eng.sfdc.net,10.231.43.11/27,10.251.104.0/27,f38-02,prd-data-flowsnake
fs1shared0-flowsnakeworker1-64-prd.eng.sfdc.net,10.231.40.68/27,10.251.105.96/27,k10-02,prd-data-flowsnake
fs1shared0-flowsnakeworker1-65-prd.eng.sfdc.net,10.231.40.164/27,10.251.99.0/27,c40-02,prd-data-flowsnake
fs1shared0-flowsnakeworker1-66-prd.eng.sfdc.net,10.231.43.131/27,10.251.106.160/27,k23-02,prd-data-flowsnake
fs1shared0-flowsnakeworker1-67-prd.eng.sfdc.net,10.231.41.101/27,10.251.107.160/27,m31-02,prd-data-flowsnake
fs1shared0-flowsnakeworker1-68-prd.eng.sfdc.net,10.231.42.102/27,10.251.117.160/27,w32-02,prd-data-flowsnake
fs1shared0-flowsnakeworker1-69-prd.eng.sfdc.net,10.231.45.102/27,10.251.110.96/27,n32-02,prd-data-flowsnake
fs1shared0-flowsnakeworker1-7-prd.eng.sfdc.net,10.231.41.195/27,10.251.101.128/27,e34-02,prd-data-flowsnake
fs1shared0-flowsnakeworker1-70-prd.eng.sfdc.net,10.231.44.68/27,10.251.112.192/27,p32-02,prd-data-flowsnake
fs1shared0-flowsnakeworker1-71-prd.eng.sfdc.net,10.231.44.102/27,10.251.109.128/27,m40-02,prd-data-flowsnake
fs1shared0-flowsnakeworker1-72-prd.eng.sfdc.net,10.231.46.132/27,10.251.97.0/27,a22-02,prd-data-flowsnake
fs1shared0-flowsnakeworker1-73-prd.eng.sfdc.net,10.231.41.228/27,10.251.117.32/27,v38-02,prd-data-flowsnake
fs1shared0-flowsnakeworker1-74-prd.eng.sfdc.net,10.231.47.102/27,10.251.100.0/27,d32-02,prd-data-flowsnake
fs1shared0-flowsnakeworker1-75-prd.eng.sfdc.net,10.231.41.68/27,10.251.100.128/27,d38-02,prd-data-flowsnake
fs1shared0-flowsnakeworker1-76-prd.eng.sfdc.net,10.231.47.228/27,10.251.116.32/27,v32-02,prd-data-flowsnake
fs1shared0-flowsnakeworker1-77-prd.eng.sfdc.net,10.231.41.36/27,10.251.112.96/27,p31-02,prd-data-flowsnake
fs1shared0-flowsnakeworker1-78-prd.eng.sfdc.net,10.231.41.102/27,10.251.107.192/27,m31-02,prd-data-flowsnake
fs1shared0-flowsnakeworker1-79-prd.eng.sfdc.net,10.231.44.132/27,10.251.114.224/27,u38-02,prd-data-flowsnake
fs1shared0-flowsnakeworker1-8-prd.eng.sfdc.net,10.231.47.101/27,10.251.100.32/27,d32-02,prd-data-flowsnake
fs1shared0-flowsnakeworker1-80-prd.eng.sfdc.net,10.231.45.68/27,10.251.116.192/27,v37-02,prd-data-flowsnake
fs1shared0-flowsnakeworker1-81-prd.eng.sfdc.net,10.231.47.68/27,10.251.103.64/27,f35-02,prd-data-flowsnake
fs1shared0-flowsnakeworker1-82-prd.eng.sfdc.net,10.231.42.164/27,10.251.106.96/27,k21-02,prd-data-flowsnake
fs1shared0-flowsnakeworker1-83-prd.eng.sfdc.net,10.231.43.132/27,10.251.106.192/27,k23-02,prd-data-flowsnake
fs1shared0-flowsnakeworker1-84-prd.eng.sfdc.net,10.231.45.12/27,10.251.99.192/27,d06-02,prd-data-flowsnake
fs1shared0-flowsnakeworker1-85-prd.eng.sfdc.net,10.231.43.12/27,10.251.104.32/27,f38-02,prd-data-flowsnake
fs1shared0-flowsnakeworker1-9-prd.eng.sfdc.net,10.231.42.101/27,10.251.117.192/27,w32-02,prd-data-flowsnake
fs1shared0-flowsnakeworker2-1-prd.eng.sfdc.net,10.231.45.130/27,10.251.117.64/27,w31-02,prd-data-flowsnake
fs1shared0-flowsnakeworker2-10-prd.eng.sfdc.net,10.231.44.162/27,10.251.103.96/27,f37-02,prd-data-flowsnake
fs1shared0-flowsnakeworker2-11-prd.eng.sfdc.net,10.231.46.10/27,10.251.105.192/27,k20-02,prd-data-flowsnake
fs1shared0-flowsnakeworker2-12-prd.eng.sfdc.net,10.231.40.194/27,10.251.99.32/27,c41-02,prd-data-flowsnake
fs1shared0-flowsnakeworker2-13-prd.eng.sfdc.net,10.231.44.226/27,10.251.105.128/27,k11-02,prd-data-flowsnake
fs1shared0-flowsnakeworker2-14-prd.eng.sfdc.net,10.231.45.131/27,10.251.117.96/27,w31-02,prd-data-flowsnake
fs1shared0-flowsnakeworker2-15-prd.eng.sfdc.net,10.231.40.226/27,10.251.101.0/27,e07-02,prd-data-flowsnake
fs1shared0-flowsnakeworker2-16-prd.eng.sfdc.net,10.231.45.34/27,10.251.113.32/27,p40-02,prd-data-flowsnake
fs1shared0-flowsnakeworker2-17-prd.eng.sfdc.net,10.231.42.66/27,10.251.101.160/27,e35-02,prd-data-flowsnake
fs1shared0-flowsnakeworker2-18-prd.eng.sfdc.net,10.231.41.130/27,10.251.102.160/27,f34-02,prd-data-flowsnake
fs1shared0-flowsnakeworker2-19-prd.eng.sfdc.net,10.231.43.162/27,10.251.104.224/27,j08-02,prd-data-flowsnake
fs1shared0-flowsnakeworker2-2-prd.eng.sfdc.net,10.231.47.162/27,10.251.115.128/27,v31-02,prd-data-flowsnake
fs1shared0-flowsnakeworker2-20-prd.eng.sfdc.net,10.231.42.10/27,10.251.100.160/27,e06-02,prd-data-flowsnake
fs1shared0-flowsnakeworker2-21-prd.eng.sfdc.net,10.231.44.10/27,10.251.116.64/27,v34-02,prd-data-flowsnake
fs1shared0-flowsnakeworker2-22-prd.eng.sfdc.net,10.231.46.11/27,10.251.105.224/27,k20-02,prd-data-flowsnake
fs1shared0-flowsnakeworker2-23-prd.eng.sfdc.net,10.231.42.34/27,10.251.108.224/27,m38-02,prd-data-flowsnake
fs1shared0-flowsnakeworker2-24-prd.eng.sfdc.net,10.231.47.194/27,10.251.97.192/27,a37-02,prd-data-flowsnake
fs1shared0-flowsnakeworker2-25-prd.eng.sfdc.net,10.231.43.163/27,10.251.105.0/27,j08-02,prd-data-flowsnake
fs1shared0-flowsnakeworker2-26-prd.eng.sfdc.net,10.231.42.67/27,10.251.101.192/27,e35-02,prd-data-flowsnake
fs1shared0-flowsnakeworker2-27-prd.eng.sfdc.net,10.231.40.35/27,10.251.107.64/27,l41-02,prd-data-flowsnake
fs1shared0-flowsnakeworker2-28-prd.eng.sfdc.net,10.231.42.35/27,10.251.109.0/27,m38-02,prd-data-flowsnake
fs1shared0-flowsnakeworker2-29-prd.eng.sfdc.net,10.231.41.131/27,10.251.102.192/27,f34-02,prd-data-flowsnake
fs1shared0-flowsnakeworker2-3-prd.eng.sfdc.net,10.231.47.10/27,10.251.107.224/27,m32-02,prd-data-flowsnake
fs1shared0-flowsnakeworker2-30-prd.eng.sfdc.net,10.231.43.194/27,10.251.110.192/27,n35-02,prd-data-flowsnake
fs1shared0-flowsnakeworker2-31-prd.eng.sfdc.net,10.231.44.227/27,10.251.105.160/27,k11-02,prd-data-flowsnake
fs1shared0-flowsnakeworker2-32-prd.eng.sfdc.net,10.231.42.130/27,10.251.102.64/27,e41-02,prd-data-flowsnake
fs1shared0-flowsnakeworker2-33-prd.eng.sfdc.net,10.231.40.101/27,10.251.109.192/27,n31-02,prd-data-flowsnake
fs1shared0-flowsnakeworker2-34-prd.eng.sfdc.net,10.231.46.34/27,10.251.113.128/27,p41-02,prd-data-flowsnake
fs1shared0-flowsnakeworker2-35-prd.eng.sfdc.net,10.231.45.194/27,10.251.104.64/27,h24-02,prd-data-flowsnake
fs1shared0-flowsnakeworker2-36-prd.eng.sfdc.net,10.231.40.36/27,10.251.107.96/27,l41-02,prd-data-flowsnake
fs1shared0-flowsnakeworker2-37-prd.eng.sfdc.net,10.231.43.195/27,10.251.110.224/27,n35-02,prd-data-flowsnake
fs1shared0-flowsnakeworker2-38-prd.eng.sfdc.net,10.231.40.195/27,10.251.99.64/27,c41-02,prd-data-flowsnake
fs1shared0-flowsnakeworker2-39-prd.eng.sfdc.net,10.231.42.226/27,10.251.104.160/27,h38-02,prd-data-flowsnake
fs1shared0-flowsnakeworker2-4-prd.eng.sfdc.net,10.231.42.131/27,10.251.102.96/27,e41-02,prd-data-flowsnake
fs1shared0-flowsnakeworker2-40-prd.eng.sfdc.net,10.231.43.100/27,10.251.101.224/27,e40-02,prd-data-flowsnake
fs1shared0-flowsnakeworker2-41-prd.eng.sfdc.net,10.231.47.130/27,10.251.97.96/27,a35-02,prd-data-flowsnake
fs1shared0-flowsnakeworker2-42-prd.eng.sfdc.net,10.231.44.194/27,10.251.96.128/27,a21-02,prd-data-flowsnake
fs1shared0-flowsnakeworker2-43-prd.eng.sfdc.net,10.231.46.100/27,10.251.108.160/27,m37-02,prd-data-flowsnake
fs1shared0-flowsnakeworker2-44-prd.eng.sfdc.net,10.231.41.162/27,10.251.114.64/27,u34-02,prd-data-flowsnake
fs1shared0-flowsnakeworker2-45-prd.eng.sfdc.net,10.231.42.11/27,10.251.100.192/27,e06-02,prd-data-flowsnake
fs1shared0-flowsnakeworker2-46-prd.eng.sfdc.net,10.231.47.131/27,10.251.97.128/27,a35-02,prd-data-flowsnake
fs1shared0-flowsnakeworker2-47-prd.eng.sfdc.net,10.231.40.196/27,10.251.99.96/27,c41-02,prd-data-flowsnake
fs1shared0-flowsnakeworker2-48-prd.eng.sfdc.net,10.231.40.102/27,10.251.109.224/27,n31-02,prd-data-flowsnake
fs1shared0-flowsnakeworker2-49-prd.eng.sfdc.net,10.231.44.163/27,10.251.103.128/27,f37-02,prd-data-flowsnake
fs1shared0-flowsnakeworker2-5-prd.eng.sfdc.net,10.231.45.195/27,10.251.104.96/27,h24-02,prd-data-flowsnake
fs1shared0-flowsnakeworker2-50-prd.eng.sfdc.net,10.231.47.195/27,10.251.97.224/27,a37-02,prd-data-flowsnake
fs1shared0-flowsnakeworker2-51-prd.eng.sfdc.net,10.231.45.162/27,10.251.108.64/27,m35-02,prd-data-flowsnake
fs1shared0-flowsnakeworker2-52-prd.eng.sfdc.net,10.231.45.35/27,10.251.113.64/27,p40-02,prd-data-flowsnake
fs1shared0-flowsnakeworker2-53-prd.eng.sfdc.net,10.231.47.163/27,10.251.115.160/27,v31-02,prd-data-flowsnake
fs1shared0-flowsnakeworker2-54-prd.eng.sfdc.net,10.231.46.162/27,10.251.98.0/27,b06-02,prd-data-flowsnake
fs1shared0-flowsnakeworker2-55-prd.eng.sfdc.net,10.231.41.10/27,10.251.113.224/27,u31-02,prd-data-flowsnake
fs1shared0-flowsnakeworker2-56-prd.eng.sfdc.net,10.231.46.101/27,10.251.108.192/27,m37-02,prd-data-flowsnake
fs1shared0-flowsnakeworker2-57-prd.eng.sfdc.net,10.231.42.227/27,10.251.104.192/27,h38-02,prd-data-flowsnake
fs1shared0-flowsnakeworker2-58-prd.eng.sfdc.net,10.231.46.163/27,10.251.98.32/27,b06-02,prd-data-flowsnake
fs1shared0-flowsnakeworker2-59-prd.eng.sfdc.net,10.231.46.35/27,10.251.113.160/27,p41-02,prd-data-flowsnake
fs1shared0-flowsnakeworker2-6-prd.eng.sfdc.net,10.231.40.227/27,10.251.101.32/27,e07-02,prd-data-flowsnake
fs1shared0-flowsnakeworker2-60-prd.eng.sfdc.net,10.231.44.34/27,10.251.110.128/27,n34-02,prd-data-flowsnake
fs1shared0-flowsnakeworker2-61-prd.eng.sfdc.net,10.231.44.35/27,10.251.110.160/27,n34-02,prd-data-flowsnake
fs1shared0-flowsnakeworker2-62-prd.eng.sfdc.net,10.231.40.228/27,10.251.101.64/27,e07-02,prd-data-flowsnake
fs1shared0-flowsnakeworker2-63-prd.eng.sfdc.net,10.231.45.163/27,10.251.108.96/27,m35-02,prd-data-flowsnake
fs1shared0-flowsnakeworker2-64-prd.eng.sfdc.net,10.231.43.101/27,10.251.102.0/27,e40-02,prd-data-flowsnake
fs1shared0-flowsnakeworker2-65-prd.eng.sfdc.net,10.231.41.163/27,10.251.114.96/27,u34-02,prd-data-flowsnake
fs1shared0-flowsnakeworker2-66-prd.eng.sfdc.net,10.231.47.11/27,10.251.108.0/27,m32-02,prd-data-flowsnake
fs1shared0-flowsnakeworker2-67-prd.eng.sfdc.net,10.231.45.164/27,10.251.108.128/27,m35-02,prd-data-flowsnake
fs1shared0-flowsnakeworker2-68-prd.eng.sfdc.net,10.231.45.36/27,10.251.113.96/27,p40-02,prd-data-flowsnake
fs1shared0-flowsnakeworker2-69-prd.eng.sfdc.net,10.231.47.132/27,10.251.97.160/27,a35-02,prd-data-flowsnake
fs1shared0-flowsnakeworker2-7-prd.eng.sfdc.net,10.231.44.195/27,10.251.96.160/27,a21-02,prd-data-flowsnake
fs1shared0-flowsnakeworker2-70-prd.eng.sfdc.net,10.231.44.164/27,10.251.103.160/27,f37-02,prd-data-flowsnake
fs1shared0-flowsnakeworker2-71-prd.eng.sfdc.net,10.231.41.164/27,10.251.114.128/27,u34-02,prd-data-flowsnake
fs1shared0-flowsnakeworker2-72-prd.eng.sfdc.net,10.231.42.133/27,10.251.102.128/27,e41-02,prd-data-flowsnake
fs1shared0-flowsnakeworker2-73-prd.eng.sfdc.net,10.231.43.196/27,10.251.111.0/27,n35-02,prd-data-flowsnake
fs1shared0-flowsnakeworker2-74-prd.eng.sfdc.net,10.231.44.165/27,10.251.103.192/27,f37-02,prd-data-flowsnake
fs1shared0-flowsnakeworker2-75-prd.eng.sfdc.net,10.231.46.164/27,10.251.98.64/27,b06-02,prd-data-flowsnake
fs1shared0-flowsnakeworker2-76-prd.eng.sfdc.net,10.231.47.164/27,10.251.115.192/27,v31-02,prd-data-flowsnake
fs1shared0-flowsnakeworker2-77-prd.eng.sfdc.net,10.231.41.132/27,10.251.102.224/27,f34-02,prd-data-flowsnake
fs1shared0-flowsnakeworker2-78-prd.eng.sfdc.net,10.231.47.12/27,10.251.108.32/27,m32-02,prd-data-flowsnake
fs1shared0-flowsnakeworker2-79-prd.eng.sfdc.net,10.231.46.36/27,10.251.113.192/27,p41-02,prd-data-flowsnake
fs1shared0-flowsnakeworker2-8-prd.eng.sfdc.net,10.231.44.11/27,10.251.116.96/27,v34-02,prd-data-flowsnake
fs1shared0-flowsnakeworker2-80-prd.eng.sfdc.net,10.231.40.103/27,10.251.110.0/27,n31-02,prd-data-flowsnake
fs1shared0-flowsnakeworker2-81-prd.eng.sfdc.net,10.231.42.36/27,10.251.109.32/27,m38-02,prd-data-flowsnake
fs1shared0-flowsnakeworker2-82-prd.eng.sfdc.net,10.231.45.196/27,10.251.104.128/27,h24-02,prd-data-flowsnake
fs1shared0-flowsnakeworker2-83-prd.eng.sfdc.net,10.231.41.12/27,10.251.114.0/27,u31-02,prd-data-flowsnake
fs1shared0-flowsnakeworker2-84-prd.eng.sfdc.net,10.231.42.12/27,10.251.100.224/27,e06-02,prd-data-flowsnake
fs1shared0-flowsnakeworker2-85-prd.eng.sfdc.net,10.231.46.12/27,10.251.106.0/27,k20-02,prd-data-flowsnake
fs1shared0-flowsnakeworker2-9-prd.eng.sfdc.net,10.231.41.11/27,10.251.114.32/27,u31-02,prd-data-flowsnake
